BLE,1708455600071494962,D3:F4:55:AB:96:20,-66
BLE,1708455600173388018,F8:64:A5:4B:C3:FC,-61
BLE,1708455600261532356,D3:F4:55:AB:96:20,-48
BLE,1708455600554455545,F8:64:A5:4B:C3:FC,-62
BLE,1708455600556947766,C2:74:87:3B:28:C6,-73
BLE,1708455600647467952,D3:F4:55:AB:96:20,-64
BLE,1708455600744300565,F8:64:A5:4B:C3:FC,-63
BLE,1708455600933927130,F8:64:A5:4B:C3:FC,-70
BLE,1708455601135475144,C2:74:87:3B:28:C6,-60
BLE,1708455601225740124,D3:F4:55:AB:96:20,-47
BLE,1708455601510608279,F8:64:A5:4B:C3:FC,-47
BLE,1708455601521878235,C2:74:87:3B:28:C6,-58
BLE,1708455601702458402,F8:64:A5:4B:C3:FC,-62
BLE,1708455601894647563,F8:64:A5:4B:C3:FC,-46
BLE,1708455601904871447,C2:74:87:3B:28:C6,-73
BLE,1708455601994759056,D3:F4:55:AB:96:20,-64
BLE,1708455602080278131,F8:64:A5:4B:C3:FC,-71
BLE,1708455602099643371,C2:74:87:3B:28:C6,-60
BLE,1708455602185768147,D3:F4:55:AB:96:20,-66
BLE,1708455602294298421,C2:74:87:3B:28:C6,-77
BLE,1708455602381836264,D3:F4:55:AB:96:20,-62
BLE,1708455602463763047,F8:64:A5:4B:C3:FC,-70
BLE,1708455602654068187,F8:64:A5:4B:C3:FC,-63
BLE,1708455602672577936,C2:74:87:3B:28:C6,-73
BLE,1708455602763112288,D3:F4:55:AB:96:20,-64
BLE,1708455602841270405,F8:64:A5:4B:C3:FC,-72
BLE,1708455603029786482,F8:64:A5:4B:C3:FC,-46
BLE,1708455603149175966,D3:F4:55:AB:96:20,-66
BLE,1708455603220732782,F8:64:A5:4B:C3:FC,-63
BLE,1708455603250747068,C2:74:87:3B:28:C6,-74
BLE,1708455603337782376,D3:F4:55:AB:96:20,-62
BLE,1708455603445639448,C2:74:87:3B:28:C6,-62
BLE,1708455603527598939,D3:F4:55:AB:96:20,-64
BLE,1708455603603412623,F8:64:A5:4B:C3:FC,-63
BLE,1708455603641981021,C2:74:87:3B:28:C6,-58
BLE,1708455603790568841,F8:64:A5:4B:C3:FC,-71
BLE,1708455603916341836,D3:F4:55:AB:96:20,-66
BLE,1708455603985970966,F8:64:A5:4B:C3:FC,-62
BLE,1708455604103868925,D3:F4:55:AB:96:20,-62
BLE,1708455604177295553,F8:64:A5:4B:C3:FC,-61
BLE,1708455604297812566,D3:F4:55:AB:96:20,-66
BLE,1708455604489562982,D3:F4:55:AB:96:20,-46
BLE,1708455604566906066,F8:64:A5:4B:C3:FC,-62
BLE,1708455604601924545,C2:74:87:3B:28:C6,-76
BLE,1708455604754531195,F8:64:A5:4B:C3:FC,-56
BLE,1708455604793291507,C2:74:87:3B:28:C6,-62
BLE,1708455604877820093,D3:F4:55:AB:96:20,-62
BLE,1708455604944591672,F8:64:A5:4B:C3:FC,-46
BLE,1708455605069892547,D3:F4:55:AB:96:20,-62
BLE,1708455605134096446,F8:64:A5:4B:C3:FC,-63
BLE,1708455605183241807,C2:74:87:3B:28:C6,-74
BLE,1708455605265652334,D3:F4:55:AB:96:20,-66
BLE,1708455605329748026,F8:64:A5:4B:C3:FC,-61
BLE,1708455605453386795,D3:F4:55:AB:96:20,-61
BLE,1708455605565587485,C2:74:87:3B:28:C6,-74
BLE,1708455605650758981,D3:F4:55:AB:96:20,-67
BLE,1708455605716530529,F8:64:A5:4B:C3:FC,-63
BLE,1708455605760349992,C2:74:87:3B:28:C6,-77
BLE,1708455605842793894,D3:F4:55:AB:96:20,-48
BLE,1708455605911834405,F8:64:A5:4B:C3:FC,-61
BLE,1708455606034307520,D3:F4:55:AB:96:20,-66
BLE,1708455606106556995,F8:64:A5:4B:C3:FC,-70
BLE,1708455606146446420,C2:74:87:3B:28:C6,-87
BLE,1708455606220362292,D3:F4:55:AB:96:20,-62
BLE,1708455606340425144,C2:74:87:3B:28:C6,-73
BLE,1708455606411834503,D3:F4:55:AB:96:20,-66
BLE,1708455606534761447,C2:74:87:3B:28:C6,-60
BLE,1708455606600999031,D3:F4:55:AB:96:20,-62
BLE,1708455606676703301,F8:64:A5:4B:C3:FC,-62
BLE,1708455606732058675,C2:74:87:3B:28:C6,-61
BLE,1708455606925568779,C2:74:87:3B:28:C6,-73
BLE,1708455607059882636,F8:64:A5:4B:C3:FC,-46
BLE,1708455607313467019,C2:74:87:3B:28:C6,-77
BLE,1708455607380922049,D3:F4:55:AB:96:20,-66
BLE,1708455607443700922,F8:64:A5:4B:C3:FC,-46
BLE,1708455607571597435,D3:F4:55:AB:96:20,-62
BLE,1708455607640324825,F8:64:A5:4B:C3:FC,-71
BLE,1708455607641663685,F8:64:A5:4B:C3:FC,-62
BLE,1708455607696602064,C2:74:87:3B:28:C6,-77
BLE,1708455607765297120,D3:F4:55:AB:96:20,-67
BLE,1708455607953296787,D3:F4:55:AB:96:20,-61
BLE,1708455608077038305,C2:74:87:3B:28:C6,-72
BLE,1708455608146283772,D3:F4:55:AB:96:20,-66
BLE,1708455608220909095,F8:64:A5:4B:C3:FC,-70
BLE,1708455608266414872,C2:74:87:3B:28:C6,-60
BLE,1708455608339454547,D3:F4:55:AB:96:20,-48
BLE,1708455608418377738,F8:64:A5:4B:C3:FC,-63
BLE,1708455608463462562,C2:74:87:3B:28:C6,-77
BLE,1708455608535691995,D3:F4:55:AB:96:20,-60
BLE,1708455608726583379,D3:F4:55:AB:96:20,-63
BLE,1708455608918232046,D3:F4:55:AB:96:20,-46
BLE,1708455609003371875,F8:64:A5:4B:C3:FC,-47
BLE,1708455609036735165,C2:74:87:3B:28:C6,-84
BLE,1708455609108681768,D3:F4:55:AB:96:20,-62
BLE,1708455609192015368,F8:64:A5:4B:C3:FC,-70
BLE,1708455609228486830,C2:74:87:3B:28:C6,-77
BLE,1708455609384135029,F8:64:A5:4B:C3:FC,-46
BLE,1708455609415468258,C2:74:87:3B:28:C6,-74
BLE,1708455609499528475,D3:F4:55:AB:96:20,-66
BLE,1708455609574639126,F8:64:A5:4B:C3:FC,-71
BLE,1708455609695271554,D3:F4:55:AB:96:20,-47
BLE,1708455609767238907,F8:64:A5:4B:C3:FC,-63
BLE,1708455609803459956,C2:74:87:3B:28:C6,-73
BLE,1708455609953467885,F8:64:A5:4B:C3:FC,-72
BLE,1708455610187171493,C2:74:87:3B:28:C6,-73
BLE,1708455610267484169,D3:F4:55:AB:96:20,-61
BLE,1708455610339064235,F8:64:A5:4B:C3:FC,-71
BLE,1708455610459359625,D3:F4:55:AB:96:20,-64
BLE,1708455610529681663,F8:64:A5:4B:C3:FC,-63
BLE,1708455610652444942,D3:F4:55:AB:96:20,-60
BLE,1708455610721018125,F8:64:A5:4B:C3:FC,-70
BLE,1708455610958632647,C2:74:87:3B:28:C6,-78
BLE,1708455611043313065,D3:F4:55:AB:96:20,-64
BLE,1708455611108579952,F8:64:A5:4B:C3:FC,-61
BLE,1708455611153027742,C2:74:87:3B:28:C6,-73
BLE,1708455611427551013,D3:F4:55:AB:96:20,-62
BLE,1708455611502881162,F8:64:A5:4B:C3:FC,-63
BLE,1708455611528879993,C2:74:87:3B:28:C6,-76
BLE,1708455611618500563,D3:F4:55:AB:96:20,-62
BLE,1708455611693177136,F8:64:A5:4B:C3:FC,-62
BLE,1708455611723390752,C2:74:87:3B:28:C6,-77
BLE,1708455611888521052,F8:64:A5:4B:C3:FC,-72
BLE,1708455612003533044,D3:F4:55:AB:96:20,-62
BLE,1708455612082265279,F8:64:A5:4B:C3:FC,-46
BLE,1708455612194123764,D3:F4:55:AB:96:20,-66
BLE,1708455612277361657,F8:64:A5:4B:C3:FC,-61
BLE,1708455612296744396,C2:74:87:3B:28:C6,-74
BLE,1708455612573211604,D3:F4:55:AB:96:20,-62
BLE,1708455612655816545,F8:64:A5:4B:C3:FC,-72
BLE,1708455612762227175,D3:F4:55:AB:96:20,-66
BLE,1708455612851123504,F8:64:A5:4B:C3:FC,-63
BLE,1708455612864541102,C2:74:87:3B:28:C6,-73
BLE,1708455612952423400,D3:F4:55:AB:96:20,-64
BLE,1708455613038791507,F8:64:A5:4B:C3:FC,-72
BLE,1708455613054277541,C2:74:87:3B:28:C6,-77
BLE,1708455613239761486,C2:74:87:3B:28:C6,-74
BLE,1708455613337889335,D3:F4:55:AB:96:20,-64
BLE,1708455613605732015,F8:64:A5:4B:C3:FC,-61
BLE,1708455613630459319,C2:74:87:3B:28:C6,-73
BLE,1708455613720990379,D3:F4:55:AB:96:20,-62
BLE,1708455613795948490,F8:64:A5:4B:C3:FC,-46
BLE,1708455613915486972,D3:F4:55:AB:96:20,-62
BLE,1708455614019729377,C2:74:87:3B:28:C6,-77
BLE,1708455614110082605,D3:F4:55:AB:96:20,-67
BLE,1708455614215734411,C2:74:87:3B:28:C6,-73
BLE,1708455614297211656,D3:F4:55:AB:96:20,-62
BLE,1708455614364532770,F8:64:A5:4B:C3:FC,-70
BLE,1708455614558830865,F8:64:A5:4B:C3:FC,-63
BLE,1708455614595064789,C2:74:87:3B:28:C6,-58
BLE,1708455614748509555,F8:64:A5:4B:C3:FC,-70
BLE,1708455614789110221,C2:74:87:3B:28:C6,-76
BLE,1708455614867065339,D3:F4:55:AB:96:20,-49
BLE,1708455614944110593,F8:64:A5:4B:C3:FC,-63
BLE,1708455614977999585,C2:74:87:3B:28:C6,-73
BLE,1708455615055763914,D3:F4:55:AB:96:20,-66
BLE,1708455615131314519,F8:64:A5:4B:C3:FC,-70
BLE,1708455615250406631,D3:F4:55:AB:96:20,-64
BLE,1708455615323426430,F8:64:A5:4B:C3:FC,-63
BLE,1708455615512048923,F8:64:A5:4B:C3:FC,-71
BLE,1708455615558179151,C2:74:87:3B:28:C6,-74
BLE,1708455615629674968,D3:F4:55:AB:96:20,-64
BLE,1708455615704721661,F8:64:A5:4B:C3:FC,-63
BLE,1708455615899897747,F8:64:A5:4B:C3:FC,-62
BLE,1708455615944867363,C2:74:87:3B:28:C6,-73
BLE,1708455616020573007,D3:F4:55:AB:96:20,-66
BLE,1708455616088902193,F8:64:A5:4B:C3:FC,-63
BLE,1708455616209703369,D3:F4:55:AB:96:20,-46
BLE,1708455616280142698,F8:64:A5:4B:C3:FC,-56
BLE,1708455616321385815,C2:74:87:3B:28:C6,-75
BLE,1708455616403919132,D3:F4:55:AB:96:20,-67
BLE,1708455616510941547,C2:74:87:3B:28:C6,-73
BLE,1708455616592061380,D3:F4:55:AB:96:20,-62
BLE,1708455616668562973,F8:64:A5:4B:C3:FC,-61
BLE,1708455616788354244,D3:F4:55:AB:96:20,-66
BLE,1708455616891700826,C2:74:87:3B:28:C6,-73
BLE,1708455616981664184,D3:F4:55:AB:96:20,-61
BLE,1708455617054534902,F8:64:A5:4B:C3:FC,-63
BLE,1708455617087324531,C2:74:87:3B:28:C6,-74
BLE,1708455617242294154,F8:64:A5:4B:C3:FC,-72
BLE,1708455617280224767,C2:74:87:3B:28:C6,-77
BLE,1708455617358118428,D3:F4:55:AB:96:20,-62
BLE,1708455617470518449,C2:74:87:3B:28:C6,-74
BLE,1708455617664333049,C2:74:87:3B:28:C6,-77
BLE,1708455617812319043,F8:64:A5:4B:C3:FC,-47
BLE,1708455617851346977,C2:74:87:3B:28:C6,-75
BLE,1708455618047639799,C2:74:87:3B:28:C6,-78
BLE,1708455618136182840,D3:F4:55:AB:96:20,-66
BLE,1708455618196358451,F8:64:A5:4B:C3:FC,-46
BLE,1708455618233883611,C2:74:87:3B:28:C6,-61
BLE,1708455618324293630,D3:F4:55:AB:96:20,-62
BLE,1708455618386074015,F8:64:A5:4B:C3:FC,-63
BLE,1708455618518650058,D3:F4:55:AB:96:20,-67
BLE,1708455618573098901,F8:64:A5:4B:C3:FC,-70
BLE,1708455618707143010,D3:F4:55:AB:96:20,-62
BLE,1708455618819769737,C2:74:87:3B:28:C6,-74
BLE,1708455618897308277,D3:F4:55:AB:96:20,-62
BLE,1708455618961197721,F8:64:A5:4B:C3:FC,-61
BLE,1708455619009482342,C2:74:87:3B:28:C6,-73
BLE,1708455619150212126,F8:64:A5:4B:C3:FC,-63
BLE,1708455619200484641,C2:74:87:3B:28:C6,-74
BLE,1708455619287030579,D3:F4:55:AB:96:20,-67
BLE,1708455619339505361,F8:64:A5:4B:C3:FC,-70
BLE,1708455619394765361,C2:74:87:3B:28:C6,-77
BLE,1708455619475475324,D3:F4:55:AB:96:20,-46
BLE,1708455619537046878,F8:64:A5:4B:C3:FC,-71
BLE,1708455619734327731,F8:64:A5:4B:C3:FC,-63
BLE,1708455619779915799,C2:74:87:3B:28:C6,-77
BLE,1708455619864850589,D3:F4:55:AB:96:20,-64
BLE,1708455619923426135,F8:64:A5:4B:C3:FC,-70
BLE,1708455619970199981,C2:74:87:3B:28:C6,-77
BLE,1708455620057116165,D3:F4:55:AB:96:20,-60
BLE,1708455620118532221,F8:64:A5:4B:C3:FC,-63
BLE,1708455620161776523,C2:74:87:3B:28:C6,-78
BLE,1708455620312479570,F8:64:A5:4B:C3:FC,-46
BLE,1708455620442323227,D3:F4:55:AB:96:20,-62
BLE,1708455620504297318,F8:64:A5:4B:C3:FC,-71
BLE,1708455620538506806,C2:74:87:3B:28:C6,-73
BLE,1708455620693338139,F8:64:A5:4B:C3:FC,-61
BLE,1708455620883465239,F8:64:A5:4B:C3:FC,-63
BLE,1708455620916900111,C2:74:87:3B:28:C6,-73
BLE,1708455621022324253,D3:F4:55:AB:96:20,-61
BLE,1708455621070864954,F8:64:A5:4B:C3:FC,-72
BLE,1708455621262057251,F8:64:A5:4B:C3:FC,-63
BLE,1708455621300860895,C2:74:87:3B:28:C6,-58
BLE,1708455621405249215,D3:F4:55:AB:96:20,-46
BLE,1708455621455606312,F8:64:A5:4B:C3:FC,-72
BLE,1708455621494651913,C2:74:87:3B:28:C6,-75
BLE,1708455621604256215,D3:F4:55:AB:96:20,-67
BLE,1708455621797183242,D3:F4:55:AB:96:20,-64
BLE,1708455621842774227,F8:64:A5:4B:C3:FC,-61
BLE,1708455622072680253,C2:74:87:3B:28:C6,-77
BLE,1708455622174026065,D3:F4:55:AB:96:20,-62
BLE,1708455622225182404,F8:64:A5:4B:C3:FC,-61
BLE,1708455622370540260,D3:F4:55:AB:96:20,-66
BLE,1708455622417313606,F8:64:A5:4B:C3:FC,-57
BLE,1708455622454922056,C2:74:87:3B:28:C6,-77
BLE,1708455622616762310,F8:64:A5:4B:C3:FC,-63
BLE,1708455622650521678,C2:74:87:3B:28:C6,-73
BLE,1708455622803418491,F8:64:A5:4B:C3:FC,-70
BLE,1708455622943813196,D3:F4:55:AB:96:20,-47
BLE,1708455622998416662,F8:64:A5:4B:C3:FC,-62
BLE,1708455623032315987,C2:74:87:3B:28:C6,-73
BLE,1708455623191818642,F8:64:A5:4B:C3:FC,-63
BLE,1708455623334684860,D3:F4:55:AB:96:20,-66
BLE,1708455623418292873,C2:74:87:3B:28:C6,-73
BLE,1708455623528126923,D3:F4:55:AB:96:20,-64
BLE,1708455623611067402,C2:74:87:3B:28:C6,-61
BLE,1708455623721783900,D3:F4:55:AB:96:20,-71
BLE,1708455623763724801,F8:64:A5:4B:C3:FC,-63
BLE,1708455623801695871,C2:74:87:3B:28:C6,-58
BLE,1708455623950812102,F8:64:A5:4B:C3:FC,-72
BLE,1708455623996122673,C2:74:87:3B:28:C6,-75
BLE,1708455624114695958,D3:F4:55:AB:96:20,-64
BLE,1708455624144774034,F8:64:A5:4B:C3:FC,-63
BLE,1708455624186884558,C2:74:87:3B:28:C6,-77
BLE,1708455624337453772,F8:64:A5:4B:C3:FC,-62
BLE,1708455624378642307,C2:74:87:3B:28:C6,-74
BLE,1708455624492373646,D3:F4:55:AB:96:20,-62
BLE,1708455624530296759,F8:64:A5:4B:C3:FC,-63
BLE,1708455624686332453,D3:F4:55:AB:96:20,-67
BLE,1708455624716914399,F8:64:A5:4B:C3:FC,-71
BLE,1708455624766982499,C2:74:87:3B:28:C6,-73
BLE,1708455624961144013,C2:74:87:3B:28:C6,-60
BLE,1708455625099563364,F8:64:A5:4B:C3:FC,-56
BLE,1708455625151869565,C2:74:87:3B:28:C6,-73
BLE,1708455625493117790,F8:64:A5:4B:C3:FC,-62
BLE,1708455625643642921,D3:F4:55:AB:96:20,-64
BLE,1708455625684305920,F8:64:A5:4B:C3:FC,-56
BLE,1708455625721297043,C2:74:87:3B:28:C6,-62
BLE,1708455625834369431,D3:F4:55:AB:96:20,-67
BLE,1708455625908440594,C2:74:87:3B:28:C6,-74
BLE,1708455626022432722,D3:F4:55:AB:96:20,-62
BLE,1708455626073210314,F8:64:A5:4B:C3:FC,-46
BLE,1708455626295890005,C2:74:87:3B:28:C6,-58
BLE,1708455626452277737,F8:64:A5:4B:C3:FC,-46
BLE,1708455626685780555,C2:74:87:3B:28:C6,-77
BLE,1708455626798127077,D3:F4:55:AB:96:20,-50
BLE,1708455626840540764,F8:64:A5:4B:C3:FC,-61
BLE,1708455626985577082,D3:F4:55:AB:96:20,-62
BLE,1708455627030872070,F8:64:A5:4B:C3:FC,-70
BLE,1708455627181474284,D3:F4:55:AB:96:20,-67
BLE,1708455627220985837,F8:64:A5:4B:C3:FC,-61
BLE,1708455627257475133,C2:74:87:3B:28:C6,-74
BLE,1708455627371033307,D3:F4:55:AB:96:20,-61
BLE,1708455627416136173,F8:64:A5:4B:C3:FC,-71
BLE,1708455627451284233,C2:74:87:3B:28:C6,-77
BLE,1708455627559999379,D3:F4:55:AB:96:20,-62
BLE,1708455627611135884,F8:64:A5:4B:C3:FC,-63
BLE,1708455627646627483,C2:74:87:3B:28:C6,-73
BLE,1708455627798169853,F8:64:A5:4B:C3:FC,-70
BLE,1708455627836911373,C2:74:87:3B:28:C6,-77
BLE,1708455627944236285,D3:F4:55:AB:96:20,-62
BLE,1708455628027780257,C2:74:87:3B:28:C6,-73
BLE,1708455628184906605,F8:64:A5:4B:C3:FC,-62
BLE,1708455628222996550,C2:74:87:3B:28:C6,-74
BLE,1708455628323463372,D3:F4:55:AB:96:20,-62
BLE,1708455628381057346,F8:64:A5:4B:C3:FC,-70
BLE,1708455628606196800,C2:74:87:3B:28:C6,-74
BLE,1708455628699689827,D3:F4:55:AB:96:20,-61
BLE,1708455628774283567,F8:64:A5:4B:C3:FC,-46
BLE,1708455628801120721,C2:74:87:3B:28:C6,-77
BLE,1708455628989770380,C2:74:87:3B:28:C6,-74
BLE,1708455629082373958,D3:F4:55:AB:96:20,-60
BLE,1708455629186599863,C2:74:87:3B:28:C6,-77
BLE,1708455629274839615,D3:F4:55:AB:96:20,-67
BLE,1708455629344182456,F8:64:A5:4B:C3:FC,-47
BLE,1708455629466838319,D3:F4:55:AB:96:20,-64
BLE,1708455629539135419,F8:64:A5:4B:C3:FC,-62
BLE,1708455629566424319,C2:74:87:3B:28:C6,-61
BLE,1708455629751664974,C2:74:87:3B:28:C6,-62
BLE,1708455629853031370,D3:F4:55:AB:96:20,-62
BLE,1708455629921070100,F8:64:A5:4B:C3:FC,-61
BLE,1708455629945162911,C2:74:87:3B:28:C6,-73
BLE,1708455630114169000,F8:64:A5:4B:C3:FC,-72
BLE,1708455630232898825,D3:F4:55:AB:96:20,-63
BLE,1708455630502795315,F8:64:A5:4B:C3:FC,-62
BLE,1708455630693659198,F8:64:A5:4B:C3:FC,-46
BLE,1708455630702039812,C2:74:87:3B:28:C6,-74
BLE,1708455631000303439,D3:F4:55:AB:96:20,-62
BLE,1708455631091279786,C2:74:87:3B:28:C6,-73
BLE,1708455631276174487,F8:64:A5:4B:C3:FC,-63
BLE,1708455631285114636,C2:74:87:3B:28:C6,-61
BLE,1708455631385428543,D3:F4:55:AB:96:20,-48
BLE,1708455631467729529,F8:64:A5:4B:C3:FC,-70
BLE,1708455631577519954,D3:F4:55:AB:96:20,-62
BLE,1708455631665132839,F8:64:A5:4B:C3:FC,-70
BLE,1708455631675933675,C2:74:87:3B:28:C6,-69
BLE,1708455631771263639,D3:F4:55:AB:96:20,-66
BLE,1708455631863700844,F8:64:A5:4B:C3:FC,-63
BLE,1708455631966327225,D3:F4:55:AB:96:20,-64
BLE,1708455632051916257,F8:64:A5:4B:C3:FC,-70
BLE,1708455632157411231,D3:F4:55:AB:96:20,-50
BLE,1708455632347463332,D3:F4:55:AB:96:20,-62
BLE,1708455632433847522,F8:64:A5:4B:C3:FC,-71
BLE,1708455632438152057,C2:74:87:3B:28:C6,-73
BLE,1708455632629419894,F8:64:A5:4B:C3:FC,-63
BLE,1708455632737553255,D3:F4:55:AB:96:20,-67
BLE,1708455632817811930,F8:64:A5:4B:C3:FC,-70
BLE,1708455632827279990,C2:74:87:3B:28:C6,-77
BLE,1708455633008343109,F8:64:A5:4B:C3:FC,-63
BLE,1708455633123795512,D3:F4:55:AB:96:20,-50
BLE,1708455633212291053,C2:74:87:3B:28:C6,-77
BLE,1708455633311975343,D3:F4:55:AB:96:20,-60
BLE,1708455633387685487,F8:64:A5:4B:C3:FC,-63
BLE,1708455633398254034,C2:74:87:3B:28:C6,-75
BLE,1708455633502006277,D3:F4:55:AB:96:20,-67
BLE,1708455633577310134,F8:64:A5:4B:C3:FC,-56
BLE,1708455633594893436,C2:74:87:3B:28:C6,-78
BLE,1708455633772488344,F8:64:A5:4B:C3:FC,-63
BLE,1708455633789923105,C2:74:87:3B:28:C6,-73
BLE,1708455633959987266,F8:64:A5:4B:C3:FC,-56
BLE,1708455634069799607,D3:F4:55:AB:96:20,-66
BLE,1708455634158647186,F8:64:A5:4B:C3:FC,-63
BLE,1708455634178221673,C2:74:87:3B:28:C6,-61
BLE,1708455634265205523,D3:F4:55:AB:96:20,-64
BLE,1708455634350190187,F8:64:A5:4B:C3:FC,-62
BLE,1708455634371958982,C2:74:87:3B:28:C6,-73
BLE,1708455634462535000,D3:F4:55:AB:96:20,-64
BLE,1708455634564519763,C2:74:87:3B:28:C6,-77
BLE,1708455634654820784,D3:F4:55:AB:96:20,-61
BLE,1708455634848950881,D3:F4:55:AB:96:20,-64
BLE,1708455634931725986,F8:64:A5:4B:C3:FC,-70
BLE,1708455634945369082,C2:74:87:3B:28:C6,-77
BLE,1708455635125760792,F8:64:A5:4B:C3:FC,-46
BLE,1708455635138523190,C2:74:87:3B:28:C6,-73
BLE,1708455635238845680,D3:F4:55:AB:96:20,-50
BLE,1708455635320499340,F8:64:A5:4B:C3:FC,-62
BLE,1708455635327691509,C2:74:87:3B:28:C6,-77
BLE,1708455635432579115,D3:F4:55:AB:96:20,-48
BLE,1708455635513683156,F8:64:A5:4B:C3:FC,-56
BLE,1708455635521493901,C2:74:87:3B:28:C6,-73
BLE,1708455635702631853,F8:64:A5:4B:C3:FC,-62
BLE,1708455635710863176,C2:74:87:3B:28:C6,-77
BLE,1708455635820847224,D3:F4:55:AB:96:20,-50
BLE,1708455635895017427,F8:64:A5:4B:C3:FC,-56
BLE,1708455635900682821,C2:74:87:3B:28:C6,-74
BLE,1708455636015376275,D3:F4:55:AB:96:20,-62
BLE,1708455636091719411,F8:64:A5:4B:C3:FC,-63
BLE,1708455636205802038,D3:F4:55:AB:96:20,-66
BLE,1708455636281851220,C2:74:87:3B:28:C6,-74
BLE,1708455636400138341,D3:F4:55:AB:96:20,-64
BLE,1708455636477271135,F8:64:A5:4B:C3:FC,-63
BLE,1708455636665120719,F8:64:A5:4B:C3:FC,-56
BLE,1708455636667424193,C2:74:87:3B:28:C6,-73
BLE,1708455636783563880,D3:F4:55:AB:96:20,-64
BLE,1708455636862259073,C2:74:87:3B:28:C6,-74
BLE,1708455636979572497,D3:F4:55:AB:96:20,-46
BLE,1708455637055126768,F8:64:A5:4B:C3:FC,-62
BLE,1708455637061101117,C2:74:87:3B:28:C6,-77
BLE,1708455637174425710,D3:F4:55:AB:96:20,-66
BLE,1708455637247543467,F8:64:A5:4B:C3:FC,-70
BLE,1708455637256095495,C2:74:87:3B:28:C6,-73
BLE,1708455637362452917,D3:F4:55:AB:96:20,-62
BLE,1708455637436292749,F8:64:A5:4B:C3:FC,-61
BLE,1708455637451292579,C2:74:87:3B:28:C6,-75
BLE,1708455637749032546,D3:F4:55:AB:96:20,-48
BLE,1708455637818878631,F8:64:A5:4B:C3:FC,-62
BLE,1708455637831994150,C2:74:87:3B:28:C6,-75
BLE,1708455638011140666,F8:64:A5:4B:C3:FC,-57
BLE,1708455638025022009,C2:74:87:3B:28:C6,-78
BLE,1708455638131365848,D3:F4:55:AB:96:20,-64
BLE,1708455638201171308,F8:64:A5:4B:C3:FC,-61
BLE,1708455638402162869,C2:74:87:3B:28:C6,-73
BLE,1708455638512362040,D3:F4:55:AB:96:20,-64
BLE,1708455638583662108,F8:64:A5:4B:C3:FC,-62
BLE,1708455638591314438,C2:74:87:3B:28:C6,-77
BLE,1708455638701797272,D3:F4:55:AB:96:20,-67
BLE,1708455638772600513,F8:64:A5:4B:C3:FC,-63
BLE,1708455638782097031,C2:74:87:3B:28:C6,-58
BLE,1708455638897652974,D3:F4:55:AB:96:20,-48
BLE,1708455638965400833,F8:64:A5:4B:C3:FC,-62
BLE,1708455638971764095,C2:74:87:3B:28:C6,-77
BLE,1708455639087070582,D3:F4:55:AB:96:20,-66
BLE,1708455639161245785,F8:64:A5:4B:C3:FC,-74
BLE,1708455639273350559,D3:F4:55:AB:96:20,-62
BLE,1708455639356128748,F8:64:A5:4B:C3:FC,-46
BLE,1708455639464484398,D3:F4:55:AB:96:20,-66
BLE,1708455639544994863,C2:74:87:3B:28:C6,-61
BLE,1708455639551430498,F8:64:A5:4B:C3:FC,-61
BLE,1708455639654898203,D3:F4:55:AB:96:20,-60
BLE,1708455639850176245,D3:F4:55:AB:96:20,-67
BLE,1708455639933830674,C2:74:87:3B:28:C6,-58
BLE,1708455639937320760,F8:64:A5:4B:C3:FC,-63
BLE,1708455640036358681,D3:F4:55:AB:96:20,-63
BLE,1708455640127693982,F8:64:A5:4B:C3:FC,-56
BLE,1708455640229648371,D3:F4:55:AB:96:20,-66
BLE,1708455640316459847,F8:64:A5:4B:C3:FC,-61
BLE,1708455640320219721,C2:74:87:3B:28:C6,-61
BLE,1708455640418742566,D3:F4:55:AB:96:20,-46
BLE,1708455640507439271,F8:64:A5:4B:C3:FC,-56
BLE,1708455640515777427,C2:74:87:3B:28:C6,-73
BLE,1708455640607667138,D3:F4:55:AB:96:20,-63
BLE,1708455640700967208,F8:64:A5:4B:C3:FC,-62
BLE,1708455640706427354,C2:74:87:3B:28:C6,-78
BLE,1708455640797496908,D3:F4:55:AB:96:20,-67
BLE,1708455640897229488,C2:74:87:3B:28:C6,-73
BLE,1708455640987465676,D3:F4:55:AB:96:20,-64
BLE,1708455641086419474,C2:74:87:3B:28:C6,-78
BLE,1708455641180764699,D3:F4:55:AB:96:20,-66
BLE,1708455641273891729,F8:64:A5:4B:C3:FC,-71
BLE,1708455641279969577,C2:74:87:3B:28:C6,-73
BLE,1708455641367542420,D3:F4:55:AB:96:20,-60
BLE,1708455641664114983,C2:74:87:3B:28:C6,-73
BLE,1708455641666262375,F8:64:A5:4B:C3:FC,-61
BLE,1708455641749051939,D3:F4:55:AB:96:20,-62
BLE,1708455641858733157,C2:74:87:3B:28:C6,-74
BLE,1708455641859600272,F8:64:A5:4B:C3:FC,-70
BLE,1708455641945185096,D3:F4:55:AB:96:20,-66
BLE,1708455642055002479,F8:64:A5:4B:C3:FC,-63
BLE,1708455642140578178,D3:F4:55:AB:96:20,-64
BLE,1708455642142118411,D3:F4:55:AB:96:20,-67
BLE,1708455642241600077,C2:74:87:3B:28:C6,-74
BLE,1708455642431701094,C2:74:87:3B:28:C6,-73
BLE,1708455642436121878,F8:64:A5:4B:C3:FC,-47
BLE,1708455642622042817,F8:64:A5:4B:C3:FC,-70
BLE,1708455642628336454,C2:74:87:3B:28:C6,-74
BLE,1708455642813040407,F8:64:A5:4B:C3:FC,-61
BLE,1708455642916304531,D3:F4:55:AB:96:20,-61
BLE,1708455643012992396,C2:74:87:3B:28:C6,-73
BLE,1708455643114494998,D3:F4:55:AB:96:20,-67
BLE,1708455643207640945,C2:74:87:3B:28:C6,-74
BLE,1708455643306284579,D3:F4:55:AB:96:20,-62
BLE,1708455643402668281,C2:74:87:3B:28:C6,-77
BLE,1708455643496387513,D3:F4:55:AB:96:20,-66
BLE,1708455643582673579,F8:64:A5:4B:C3:FC,-63
BLE,1708455643769574048,F8:64:A5:4B:C3:FC,-72
BLE,1708455643885168908,D3:F4:55:AB:96:20,-61
BLE,1708455643963349982,F8:64:A5:4B:C3:FC,-61
BLE,1708455643988077328,C2:74:87:3B:28:C6,-78
BLE,1708455644156576880,F8:64:A5:4B:C3:FC,-71
BLE,1708455644183308911,C2:74:87:3B:28:C6,-73
BLE,1708455644271879035,D3:F4:55:AB:96:20,-48
BLE,1708455644374712622,C2:74:87:3B:28:C6,-77
BLE,1708455644468043108,D3:F4:55:AB:96:20,-71
BLE,1708455644547166547,F8:64:A5:4B:C3:FC,-61
BLE,1708455644562665913,C2:74:87:3B:28:C6,-74
BLE,1708455644659553609,D3:F4:55:AB:96:20,-62
BLE,1708455644739257249,F8:64:A5:4B:C3:FC,-70
BLE,1708455644756742343,C2:74:87:3B:28:C6,-77
BLE,1708455644933040058,F8:64:A5:4B:C3:FC,-47
BLE,1708455645040982129,D3:F4:55:AB:96:20,-53
BLE,1708455645139723929,C2:74:87:3B:28:C6,-77
BLE,1708455645232413798,D3:F4:55:AB:96:20,-62
BLE,1708455645316320765,F8:64:A5:4B:C3:FC,-62
BLE,1708455645328153007,C2:74:87:3B:28:C6,-60
BLE,1708455645422221651,D3:F4:55:AB:96:20,-62
BLE,1708455645511829263,F8:64:A5:4B:C3:FC,-46
BLE,1708455645520209418,C2:74:87:3B:28:C6,-77
BLE,1708455645705541155,F8:64:A5:4B:C3:FC,-72
BLE,1708455645713650022,C2:74:87:3B:28:C6,-73
BLE,1708455645808325035,D3:F4:55:AB:96:20,-64
BLE,1708455645897298987,F8:64:A5:4B:C3:FC,-62
BLE,1708455645907858451,C2:74:87:3B:28:C6,-75
BLE,1708455646004869229,D3:F4:55:AB:96:20,-70
BLE,1708455646090218764,F8:64:A5:4B:C3:FC,-70
BLE,1708455646105084470,C2:74:87:3B:28:C6,-77
BLE,1708455646196226106,D3:F4:55:AB:96:20,-50
BLE,1708455646285902884,F8:64:A5:4B:C3:FC,-63
BLE,1708455646299812435,C2:74:87:3B:28:C6,-73
BLE,1708455646387629817,D3:F4:55:AB:96:20,-64
BLE,1708455646480258853,F8:64:A5:4B:C3:FC,-62
BLE,1708455646577186132,D3:F4:55:AB:96:20,-66
BLE,1708455646672765551,F8:64:A5:4B:C3:FC,-71
BLE,1708455646684088339,C2:74:87:3B:28:C6,-73
BLE,1708455646863582518,F8:64:A5:4B:C3:FC,-62
BLE,1708455646879463505,C2:74:87:3B:28:C6,-74
BLE,1708455646965066162,D3:F4:55:AB:96:20,-62
BLE,1708455647052740170,F8:64:A5:4B:C3:FC,-63
BLE,1708455647157736150,D3:F4:55:AB:96:20,-64
BLE,1708455647239708681,F8:64:A5:4B:C3:FC,-71
BLE,1708455647267939153,C2:74:87:3B:28:C6,-72
BLE,1708455647433765111,F8:64:A5:4B:C3:FC,-63
BLE,1708455647655894474,C2:74:87:3B:28:C6,-77
BLE,1708455647729824180,D3:F4:55:AB:96:20,-61
BLE,1708455647814983467,F8:64:A5:4B:C3:FC,-64
BLE,1708455647844734339,C2:74:87:3B:28:C6,-75
BLE,1708455647918901292,D3:F4:55:AB:96:20,-64
BLE,1708455648010210592,F8:64:A5:4B:C3:FC,-61
BLE,1708455648037486367,C2:74:87:3B:28:C6,-77
BLE,1708455648109939673,D3:F4:55:AB:96:20,-67
BLE,1708455648307772310,D3:F4:55:AB:96:20,-67
BLE,1708455648394650161,F8:64:A5:4B:C3:FC,-61
BLE,1708455648500086761,D3:F4:55:AB:96:20,-61
BLE,1708455648776588967,F8:64:A5:4B:C3:FC,-62
BLE,1708455648805595764,C2:74:87:3B:28:C6,-61
BLE,1708455648893832266,D3:F4:55:AB:96:20,-66
BLE,1708455649000697766,C2:74:87:3B:28:C6,-73
BLE,1708455649084745190,D3:F4:55:AB:96:20,-62
BLE,1708455649158853935,F8:64:A5:4B:C3:FC,-62
BLE,1708455649197200418,C2:74:87:3B:28:C6,-74
BLE,1708455649391106726,C2:74:87:3B:28:C6,-77
BLE,1708455649471389526,D3:F4:55:AB:96:20,-64
BLE,1708455649539114218,F8:64:A5:4B:C3:FC,-62
BLE,1708455649577905821,C2:74:87:3B:28:C6,-74
BLE,1708455649767786424,C2:74:87:3B:28:C6,-73
BLE,1708455649861484031,D3:F4:55:AB:96:20,-50
BLE,1708455649927644199,F8:64:A5:4B:C3:FC,-63
BLE,1708455650051942919,D3:F4:55:AB:96:20,-62
BLE,1708455650118559582,F8:64:A5:4B:C3:FC,-71
BLE,1708455650157186062,C2:74:87:3B:28:C6,-77
BLE,1708455650309770919,F8:64:A5:4B:C3:FC,-63
BLE,1708455650348186860,C2:74:87:3B:28:C6,-73
BLE,1708455650437632890,D3:F4:55:AB:96:20,-64
BLE,1708455650497359798,F8:64:A5:4B:C3:FC,-71
BLE,1708455650629217057,D3:F4:55:AB:96:20,-66
BLE,1708455650693022627,F8:64:A5:4B:C3:FC,-63
BLE,1708455650739481810,C2:74:87:3B:28:C6,-60
BLE,1708455650817352679,D3:F4:55:AB:96:20,-62
BLE,1708455650888916870,F8:64:A5:4B:C3:FC,-62
BLE,1708455650932643667,C2:74:87:3B:28:C6,-58
BLE,1708455651008484517,D3:F4:55:AB:96:20,-67
BLE,1708455651127906334,C2:74:87:3B:28:C6,-74
BLE,1708455651202754654,D3:F4:55:AB:96:20,-64
BLE,1708455651274041931,F8:64:A5:4B:C3:FC,-61
BLE,1708455651318590302,C2:74:87:3B:28:C6,-74
BLE,1708455651395954094,D3:F4:55:AB:96:20,-50
BLE,1708455651469057225,F8:64:A5:4B:C3:FC,-70
BLE,1708455651586281816,D3:F4:55:AB:96:20,-64
BLE,1708455651777384030,D3:F4:55:AB:96:20,-66
BLE,1708455651855326482,F8:64:A5:4B:C3:FC,-62
BLE,1708455651963030889,D3:F4:55:AB:96:20,-62
BLE,1708455652044393260,F8:64:A5:4B:C3:FC,-78
BLE,1708455652089492209,C2:74:87:3B:28:C6,-77
BLE,1708455652155002884,D3:F4:55:AB:96:20,-66
BLE,1708455652232997377,F8:64:A5:4B:C3:FC,-70
BLE,1708455652284743500,C2:74:87:3B:28:C6,-73
BLE,1708455652422258903,F8:64:A5:4B:C3:FC,-62
BLE,1708455652475994212,C2:74:87:3B:28:C6,-77
BLE,1708455652534062931,D3:F4:55:AB:96:20,-64
BLE,1708455652669784687,C2:74:87:3B:28:C6,-58
BLE,1708455652729818925,D3:F4:55:AB:96:20,-47
BLE,1708455652807658461,F8:64:A5:4B:C3:FC,-63
BLE,1708455652922690035,D3:F4:55:AB:96:20,-50
BLE,1708455652999459834,F8:64:A5:4B:C3:FC,-70
BLE,1708455653050185927,C2:74:87:3B:28:C6,-57
BLE,1708455653109791711,D3:F4:55:AB:96:20,-62
BLE,1708455653190642297,F8:64:A5:4B:C3:FC,-63
BLE,1708455653240333276,C2:74:87:3B:28:C6,-77
BLE,1708455653307856429,D3:F4:55:AB:96:20,-67
BLE,1708455653432970598,C2:74:87:3B:28:C6,-73
BLE,1708455653505140615,D3:F4:55:AB:96:20,-67
BLE,1708455653574208042,F8:64:A5:4B:C3:FC,-63
BLE,1708455653625256340,C2:74:87:3B:28:C6,-74
BLE,1708455653759857859,F8:64:A5:4B:C3:FC,-70
BLE,1708455653820432007,C2:74:87:3B:28:C6,-77
BLE,1708455653888645527,D3:F4:55:AB:96:20,-66
BLE,1708455653950437370,F8:64:A5:4B:C3:FC,-46
BLE,1708455654082331712,D3:F4:55:AB:96:20,-63
BLE,1708455654140363056,F8:64:A5:4B:C3:FC,-63
BLE,1708455654204550788,C2:74:87:3B:28:C6,-77
BLE,1708455654272720184,D3:F4:55:AB:96:20,-50
BLE,1708455654327279900,F8:64:A5:4B:C3:FC,-56
BLE,1708455654399172754,C2:74:87:3B:28:C6,-73
BLE,1708455654460145856,D3:F4:55:AB:96:20,-62
BLE,1708455654523242975,F8:64:A5:4B:C3:FC,-46
BLE,1708455654649083469,D3:F4:55:AB:96:20,-48
BLE,1708455654714961349,F8:64:A5:4B:C3:FC,-61
BLE,1708455654789867168,C2:74:87:3B:28:C6,-78
BLE,1708455654982737362,C2:74:87:3B:28:C6,-73
BLE,1708455655040786539,D3:F4:55:AB:96:20,-66
BLE,1708455655093233404,F8:64:A5:4B:C3:FC,-56
BLE,1708455655094775095,F8:64:A5:4B:C3:FC,-46
BLE,1708455655176015509,C2:74:87:3B:28:C6,-77
BLE,1708455655227687966,D3:F4:55:AB:96:20,-60
BLE,1708455655283939664,F8:64:A5:4B:C3:FC,-64
BLE,1708455655369161116,C2:74:87:3B:28:C6,-73
BLE,1708455655423579834,D3:F4:55:AB:96:20,-67
BLE,1708455655472034245,F8:64:A5:4B:C3:FC,-70
BLE,1708455655620343526,D3:F4:55:AB:96:20,-67
BLE,1708455655666116925,F8:64:A5:4B:C3:FC,-63
BLE,1708455655752678612,C2:74:87:3B:28:C6,-73
BLE,1708455655812345312,D3:F4:55:AB:96:20,-63
BLE,1708455655852931562,F8:64:A5:4B:C3:FC,-70
BLE,1708455655944439402,C2:74:87:3B:28:C6,-74
BLE,1708455656052007268,F8:64:A5:4B:C3:FC,-63
BLE,1708455656137587384,C2:74:87:3B:28:C6,-61
BLE,1708455656200129010,D3:F4:55:AB:96:20,-48
BLE,1708455656238804781,F8:64:A5:4B:C3:FC,-56
BLE,1708455656392881580,D3:F4:55:AB:96:20,-62
BLE,1708455656515338028,C2:74:87:3B:28:C6,-73
BLE,1708455656582678350,D3:F4:55:AB:96:20,-62
BLE,1708455656625313243,F8:64:A5:4B:C3:FC,-46
BLE,1708455656709719371,C2:74:87:3B:28:C6,-61
BLE,1708455656776928445,D3:F4:55:AB:96:20,-62
BLE,1708455656900236883,C2:74:87:3B:28:C6,-73
BLE,1708455656969960511,D3:F4:55:AB:96:20,-66
BLE,1708455657008505409,F8:64:A5:4B:C3:FC,-61
BLE,1708455657092380960,C2:74:87:3B:28:C6,-61
BLE,1708455657162124380,D3:F4:55:AB:96:20,-46
BLE,1708455657199575706,F8:64:A5:4B:C3:FC,-63
BLE,1708455657284850033,C2:74:87:3B:28:C6,-61
BLE,1708455657390953125,F8:64:A5:4B:C3:FC,-46
BLE,1708455657554719731,D3:F4:55:AB:96:20,-67
BLE,1708455657580266859,F8:64:A5:4B:C3:FC,-63
BLE,1708455657743681635,D3:F4:55:AB:96:20,-62
BLE,1708455657775421860,F8:64:A5:4B:C3:FC,-61
BLE,1708455657859368035,C2:74:87:3B:28:C6,-74
BLE,1708455657937904855,D3:F4:55:AB:96:20,-66
BLE,1708455658053935460,C2:74:87:3B:28:C6,-77
BLE,1708455658128787780,D3:F4:55:AB:96:20,-62
BLE,1708455658157174667,F8:64:A5:4B:C3:FC,-62
BLE,1708455658249839911,C2:74:87:3B:28:C6,-59
BLE,1708455658317489229,D3:F4:55:AB:96:20,-64
BLE,1708455658441808448,C2:74:87:3B:28:C6,-75
BLE,1708455658640523034,C2:74:87:3B:28:C6,-77
BLE,1708455658696444068,D3:F4:55:AB:96:20,-63
BLE,1708455658888524729,D3:F4:55:AB:96:20,-51
BLE,1708455659026204921,C2:74:87:3B:28:C6,-75
BLE,1708455659123176241,F8:64:A5:4B:C3:FC,-62
BLE,1708455659223979518,C2:74:87:3B:28:C6,-65
BLE,1708455659415179397,C2:74:87:3B:28:C6,-73
BLE,1708455659464011261,D3:F4:55:AB:96:20,-64
BLE,1708455659513885655,F8:64:A5:4B:C3:FC,-63
BLE,1708455659604375840,C2:74:87:3B:28:C6,-61
BLE,1708455659705592070,F8:64:A5:4B:C3:FC,-70
BLE,1708455659707118845,F8:64:A5:4B:C3:FC,-62
BLE,1708455659792227091,C2:74:87:3B:28:C6,-74
BLE,1708455659846116231,D3:F4:55:AB:96:20,-64
BLE,1708455659981763864,C2:74:87:3B:28:C6,-73
